{"cameraMode":{"drawMode":0,"name":"Shaded","section":"Shading Mode"},"sceneLighting":true,"audioPlay":false,"sceneViewState":{"m_AlwaysRefresh":false,"showFog":true,"showSkybox":true,"showFlares":true,"showImageEffects":true,"showParticleSystems":true,"showVisualEffectGraphs":true,"m_FxEnabled":true},"in2DMode":false,"pivot":{"x":-22.435152053833009,"y":1.2480430603027344,"z":0.4977407455444336},"rotation":{"x":0.00018103780166711658,"y":-0.8127671480178833,"z":0.0010030105477198959,"w":0.5827825665473938},"size":10.69881820678711,"orthographic":false}