{"cameraMode":{"drawMode":0,"name":"Shaded","section":"Shading Mode"},"sceneLighting":false,"audioPlay":false,"sceneViewState":{"m_AlwaysRefresh":false,"showFog":true,"showSkybox":false,"showFlares":true,"showImageEffects":true,"showParticleSystems":true,"showVisualEffectGraphs":true,"m_FxEnabled":true},"in2DMode":false,"pivot":{"x":-6.548049449920654,"y":3.0665478706359865,"z":-11.68638801574707},"rotation":{"x":0.009384650737047196,"y":0.9782143831253052,"z":0.04520364850759506,"w":-0.20206300914287568},"size":10.920249938964844,"orthographic":false}