{"cameraMode":{"drawMode":0,"name":"Shaded","section":"Shading Mode"},"sceneLighting":false,"audioPlay":false,"sceneViewState":{"m_AlwaysRefresh":false,"showFog":true,"showSkybox":false,"showFlares":true,"showImageEffects":true,"showParticleSystems":true,"showVisualEffectGraphs":true,"m_FxEnabled":true},"in2DMode":false,"pivot":{"x":0.8486413955688477,"y":-0.7949981689453125,"z":2.4638328552246095},"rotation":{"x":0.34553274512290957,"y":-0.6433091759681702,"z":0.4031817615032196,"w":0.5514152646064758},"size":11.497915267944336,"orthographic":false}